1, 0.4220, 0.1200, 0.1250, 0.1250
1, 0.4150, 0.1210, 0.1250, 0.1250
1, 0.4230, 0.1220, 0.1260, 0.1270
1, 0.4120, 0.1220, 0.1260, 0.1260
1, 0.4120, 0.1220, 0.1280, 0.1240
1, 0.4180, 0.1210, 0.1270, 0.1250
2, 0.4120, 0.1210, 0.1270, 0.1240
2, 0.4090, 0.1210, 0.1260, 0.1250
2, 0.4270, 0.1200, 0.1260, 0.1240
2, 0.3970, 0.1170, 0.1250, 0.1240
2, 0.4240, 0.1200, 0.1270, 0.1230
2, 0.4120, 0.1210, 0.1220, 0.1240
2, 0.4100, 0.1220, 0.1240, 0.1250
2, 0.4160, 0.1220, 0.1260, 0.1270
2, 0.4120, 0.1220, 0.1270, 0.1240
3, 0.4010, 0.1220, 0.1260, 0.1220
3, 0.4240, 0.1220, 0.1250, 0.1240
3, 0.4160, 0.1210, 0.1270, 0.1230
3, 0.4240, 0.1210, 0.1220, 0.1220
3, 0.4320, 0.1220, 0.1270, 0.1250
3, 0.4140, 0.1230, 0.1250, 0.1220
3, 0.4200, 0.1210, 0.1250, 0.1220
3, 0.4140, 0.1210, 0.1240, 0.1210
3, 0.4050, 0.1220, 0.1260, 0.1220
4, 0.4150, 0.1230, 0.1250, 0.1240
4, 0.4270, 0.1220, 0.1260, 0.1240
4, 0.4250, 0.1210, 0.1260, 0.1220
4, 0.4330, 0.1210, 0.1230, 0.1250
4, 0.4130, 0.1210, 0.1260, 0.1240
4, 0.4260, 0.1210, 0.1250, 0.1250
4, 0.4320, 0.1210, 0.1270, 0.1250
4, 0.4050, 0.1230, 0.1250, 0.1240
4, 0.4060, 0.1230, 0.1260, 0.1240
5, 0.4200, 0.1240, 0.1250, 0.1230
5, 0.4140, 0.1230, 0.1270, 0.1250
5, 0.4380, 0.1210, 0.1250, 0.1240
5, 0.4400, 0.1200, 0.1250, 0.1240
5, 0.4090, 0.1200, 0.1260, 0.1240
5, 0.4220, 0.1220, 0.1270, 0.1240
5, 0.4210, 0.1220, 0.1240, 0.1250
5, 0.4300, 0.1220, 0.1250, 0.1240
6, 0.4150, 0.1210, 0.1230, 0.1250
6, 0.4230, 0.1200, 0.1270, 0.1240
6, 0.4370, 0.1240, 0.1290, 0.1250
6, 0.4060, 0.1220, 0.1250, 0.1270
6, 0.3990, 0.1210, 0.1280, 0.1220
6, 0.4220, 0.1240, 0.1240, 0.1250
6, 0.4320, 0.1200, 0.1240, 0.1250
6, 0.4010, 0.1230, 0.1230, 0.1250
6, 0.4200, 0.1230, 0.1250, 0.1240
7, 0.4170, 0.1230, 0.1240, 0.1240
7, 0.4140, 0.1250, 0.1230, 0.1240
7, 0.4260, 0.1240, 0.1230, 0.1250
7, 0.4160, 0.1230, 0.1240, 0.1240
7, 0.4220, 0.1240, 0.1250, 0.1240
7, 0.4260, 0.1230, 0.1240, 0.1250
7, 0.4090, 0.1220, 0.1250, 0.1250
7, 0.4220, 0.1210, 0.1240, 0.1240
7, 0.4190, 0.1230, 0.1250, 0.1260
8, 0.4180, 0.1240, 0.1240, 0.1250
8, 0.4240, 0.1200, 0.1250, 0.1260
8, 0.4170, 0.1220, 0.1230, 0.1230
8, 0.4150, 0.1250, 0.1260, 0.1230
8, 0.4230, 0.1270, 0.1260, 0.1260
8, 0.4150, 0.1270, 0.1260, 0.1250
8, 0.4150, 0.1200, 0.1240, 0.1220
8, 0.4210, 0.1230, 0.1250, 0.1240
8, 0.4130, 0.1240, 0.1250, 0.1230
9, 0.4230, 0.1220, 0.1230, 0.1240
9, 0.4270, 0.1210, 0.1250, 0.1230
9, 0.4160, 0.1210, 0.1250, 0.1230
9, 0.4210, 0.1240, 0.1240, 0.1260
9, 0.4140, 0.1220, 0.1260, 0.1240
9, 0.4160, 0.1230, 0.1260, 0.1220
9, 0.4020, 0.1210, 0.1250, 0.1220
9, 0.4160, 0.1230, 0.1270, 0.1260
10, 0.4150, 0.1240, 0.1270, 0.1230
10, 0.4010, 0.1220, 0.1250, 0.1230
10, 0.4250, 0.1240, 0.1270, 0.1250
10, 0.4170, 0.1220, 0.1240, 0.1240
10, 0.4200, 0.1230, 0.1260, 0.1250
10, 0.4110, 0.1210, 0.1250, 0.1240
10, 0.4130, 0.1240, 0.1220, 0.1250
10, 0.4270, 0.1240, 0.1250, 0.1230
10, 0.4320, 0.1220, 0.1260, 0.1230
11, 0.4220, 0.1240, 0.1250, 0.1260
11, 0.3990, 0.1240, 0.1230, 0.1270
11, 0.4210, 0.1220, 0.1240, 0.1240
11, 0.4220, 0.1220, 0.1260, 0.1260
11, 0.4210, 0.1250, 0.1260, 0.1240
11, 0.4090, 0.1240, 0.1250, 0.1250
11, 0.4350, 0.1230, 0.1260, 0.1210
11, 0.4340, 0.1240, 0.1270, 0.1250
11, 0.4190, 0.1220, 0.1260, 0.1230
12, 0.4200, 0.1210, 0.1260, 0.1240
12, 0.4280, 0.1230, 0.1250, 0.1260
12, 0.4150, 0.1240, 0.1240, 0.1250
12, 0.4250, 0.1230, 0.1230, 0.1250
12, 0.4210, 0.1210, 0.1260, 0.1240
12, 0.4340, 0.1240, 0.1260, 0.1250
12, 0.4300, 0.1240, 0.1250, 0.1220
12, 0.4280, 0.1230, 0.1240, 0.1200
13, 0.4190, 0.1230, 0.1280, 0.1220
13, 0.4300, 0.1200, 0.1290, 0.1230
13, 0.4270, 0.1210, 0.1260, 0.1230
13, 0.4150, 0.1250, 0.1270, 0.1240
13, 0.4140, 0.1200, 0.1270, 0.1230
13, 0.4090, 0.1200, 0.1270, 0.1220
13, 0.4170, 0.1200, 0.1270, 0.1240
13, 0.4040, 0.1210, 0.1260, 0.1240
13, 0.4080, 0.1210, 0.1230, 0.1240
14, 0.4230, 0.1210, 0.1230, 0.1230
14, 0.4220, 0.1230, 0.1260, 0.1210
14, 0.4350, 0.1210, 0.1260, 0.1230
14, 0.4110, 0.1210, 0.1220, 0.1250
14, 0.4030, 0.1210, 0.1250, 0.1260
14, 0.4110, 0.1200, 0.1240, 0.1220
14, 0.4140, 0.1210, 0.1260, 0.1250
14, 0.4210, 0.1190, 0.1230, 0.1250
14, 0.4080, 0.1200, 0.1240, 0.1220
15, 0.4140, 0.1220, 0.1210, 0.1220
15, 0.4360, 0.1200, 0.1240, 0.1240
15, 0.4130, 0.1200, 0.1260, 0.1230
15, 0.4210, 0.1220, 0.1270, 0.1230
15, 0.4140, 0.1170, 0.1270, 0.1210
15, 0.4220, 0.1190, 0.1240, 0.1220
15, 0.4200, 0.1190, 0.1260, 0.1240
15, 0.3910, 0.1240, 0.1270, 0.1260
15, 0.4150, 0.1200, 0.1270, 0.1250
16, 0.4190, 0.1230, 0.1290, 0.1210
16, 0.4190, 0.1220, 0.1270, 0.1210
16, 0.4240, 0.1210, 0.1260, 0.1210
16, 0.4160, 0.1200, 0.1260, 0.1250
16, 0.4350, 0.1200, 0.1280, 0.1240
16, 0.4140, 0.1240, 0.1280, 0.1250
16, 0.4250, 0.1220, 0.1280, 0.1220
16, 0.4220, 0.1240, 0.1250, 0.1240
17, 0.4090, 0.1200, 0.1240, 0.1210
17, 0.4180, 0.1210, 0.1240, 0.1220
17, 0.4130, 0.1210, 0.1250, 0.1230
17, 0.4100, 0.1200, 0.1240, 0.1230
17, 0.4300, 0.1210, 0.1210, 0.1260
17, 0.4230, 0.1200, 0.1250, 0.1230
17, 0.4120, 0.1230, 0.1240, 0.1230
17, 0.3750, 0.1220, 0.1250, 0.1170
17, 0.4140, 0.1210, 0.1280, 0.1190
18, 0.4140, 0.1190, 0.1300, 0.1170
18, 0.4110, 0.1210, 0.1280, 0.1200
18, 0.4160, 0.1200, 0.1250, 0.1140
18, 0.4190, 0.1190, 0.1240, 0.1180
18, 0.4100, 0.1210, 0.1240, 0.1160
18, 0.4070, 0.1190, 0.1250, 0.1150
18, 0.3950, 0.1190, 0.1240, 0.1180
18, 0.4300, 0.1200, 0.1250, 0.1140
18, 0.4260, 0.1200, 0.1250, 0.1170
19, 0.4120, 0.1200, 0.1250, 0.1140
19, 0.4230, 0.1210, 0.1230, 0.1110
19, 0.4130, 0.1190, 0.1260, 0.1110
19, 0.4240, 0.1200, 0.1250, 0.1130
19, 0.4260, 0.1210, 0.1260, 0.1110
19, 0.4240, 0.1200, 0.1240, 0.1090
19, 0.4170, 0.1220, 0.1260, 0.1080
19, 0.4240, 0.1210, 0.1220, 0.1060
20, 0.4230, 0.1210, 0.1250, 0.1040
20, 0.4260, 0.1210, 0.1260, 0.1010
20, 0.4280, 0.1220, 0.1250, 0.0900
20, 0.4290, 0.1200, 0.1260, 0.0830
20, 0.4150, 0.1200, 0.1240, 0.0890
20, 0.4230, 0.1200, 0.1260, 0.0910
20, 0.4220, 0.1210, 0.1250, 0.0930
20, 0.4080, 0.1220, 0.1260, 0.0940
20, 0.4200, 0.1210, 0.1270, 0.0950
21, 0.4150, 0.1210, 0.1270, 0.0920
21, 0.4150, 0.1210, 0.1270, 0.0900
21, 0.4380, 0.1190, 0.1290, 0.0900
21, 0.4140, 0.1230, 0.1270, 0.0880
21, 0.4200, 0.1200, 0.1280, 0.0870
21, 0.4340, 0.1230, 0.1280, 0.0870
21, 0.4170, 0.1210, 0.1290, 0.0850
21, 0.4320, 0.1230, 0.1270, 0.0830
21, 0.4110, 0.1220, 0.1270, 0.0850
22, 0.4260, 0.1210, 0.1270, 0.0790
22, 0.4110, 0.1210, 0.1290, 0.0730
22, 0.4200, 0.1210, 0.1260, 0.0780
22, 0.4280, 0.1210, 0.1260, 0.0770
22, 0.4230, 0.1190, 0.1280, 0.0800
22, 0.4190, 0.1240, 0.1260, 0.0830
22, 0.4110, 0.1200, 0.1240, 0.0810
22, 0.4170, 0.1220, 0.1260, 0.0830
23, 0.4140, 0.1200, 0.1250, 0.0860
23, 0.4270, 0.1220, 0.1230, 0.0830
23, 0.4160, 0.1220, 0.1250, 0.0840
23, 0.4160, 0.1210, 0.1250, 0.0860
23, 0.4160, 0.1230, 0.1250, 0.0870
23, 0.4300, 0.1200, 0.1240, 0.0860
23, 0.4270, 0.1220, 0.1260, 0.0850
23, 0.4220, 0.1210, 0.1250, 0.0850
23, 0.4180, 0.1240, 0.1230, 0.0870
24, 0.4280, 0.1210, 0.1240, 0.0860
24, 0.4200, 0.1220, 0.1250, 0.0850
24, 0.4240, 0.1220, 0.1240, 0.0850
24, 0.4270, 0.1210, 0.1260, 0.0860
24, 0.4260, 0.1230, 0.1240, 0.0830
24, 0.4210, 0.1200, 0.1240, 0.0830
24, 0.4230, 0.1220, 0.1260, 0.0810
24, 0.4220, 0.1210, 0.1240, 0.0810
24, 0.4210, 0.1220, 0.1240, 0.0800
25, 0.4120, 0.1210, 0.1230, 0.0780
25, 0.4210, 0.1210, 0.1250, 0.0790
25, 0.4180, 0.1220, 0.1250, 0.0790
25, 0.4180, 0.1210, 0.1270, 0.0750
25, 0.4310, 0.1230, 0.1250, 0.0750
25, 0.4260, 0.1220, 0.1260, 0.0720
25, 0.4330, 0.1200, 0.1240, 0.0750
25, 0.4220, 0.1210, 0.1250, 0.0760
26, 0.4040, 0.1210, 0.1250, 0.0730
26, 0.4240, 0.1210, 0.1240, 0.0750
26, 0.4400, 0.1200, 0.1250, 0.0730
26, 0.4160, 0.1200, 0.1240, 0.0740
26, 0.4120, 0.1210, 0.1250, 0.0730
26, 0.4260, 0.1210, 0.1240, 0.0710
26, 0.4140, 0.1210, 0.1260, 0.0710
26, 0.4180, 0.1170, 0.1250, 0.0710
26, 0.4210, 0.1210, 0.1230, 0.0690
27, 0.4290, 0.1230, 0.1230, 0.0710
27, 0.4220, 0.1250, 0.1260, 0.0680
27, 0.4260, 0.1220, 0.1250, 0.0660
27, 0.4090, 0.1220, 0.1250, 0.0670
27, 0.4210, 0.1210, 0.1240, 0.0660
27, 0.4240, 0.1210, 0.1240, 0.0660
27, 0.4260, 0.1220, 0.1260, 0.0670
27, 0.4170, 0.1200, 0.1250, 0.0670
27, 0.4100, 0.1230, 0.1260, 0.0680
28, 0.4270, 0.1240, 0.1250, 0.0680
28, 0.4080, 0.1220, 0.1250, 0.0670
28, 0.4220, 0.1210, 0.1250, 0.0690
28, 0.4340, 0.1190, 0.1270, 0.0650
28, 0.4330, 0.1200, 0.1260, 0.0660
28, 0.4060, 0.1230, 0.1260, 0.0660
28, 0.4160, 0.1210, 0.1280, 0.0670
28, 0.4110, 0.1210, 0.1270, 0.0680
29, 0.4140, 0.1210, 0.1300, 0.0650
29, 0.4250, 0.1220, 0.1270, 0.0680
29, 0.4210, 0.1210, 0.1260, 0.0670
29, 0.4180, 0.1210, 0.1270, 0.0690
29, 0.4100, 0.1210, 0.1270, 0.0640
29, 0.4210, 0.1210, 0.1250, 0.0670
29, 0.4310, 0.1210, 0.1260, 0.0660
29, 0.4050, 0.1190, 0.1280, 0.0650
29, 0.4190, 0.1220, 0.1270, 0.0660
30, 0.4130, 0.1200, 0.1270, 0.0670
30, 0.4070, 0.1210, 0.1280, 0.0640
30, 0.4070, 0.1230, 0.1250, 0.0670
30, 0.4130, 0.1210, 0.1270, 0.0660
30, 0.4190, 0.1230, 0.1270, 0.0640
30, 0.4190, 0.1230, 0.1270, 0.0640
30, 0.4160, 0.1240, 0.1270, 0.0630
30, 0.4190, 0.1210, 0.1270, 0.0650
31, 0.4230, 0.1210, 0.1280, 0.0630
31, 0.4210, 0.1220, 0.1250, 0.0650
31, 0.4090, 0.1220, 0.1270, 0.0650
31, 0.4290, 0.1210, 0.1250, 0.0650
31, 0.4110, 0.1210, 0.1260, 0.0650
31, 0.4140, 0.1180, 0.1260, 0.0630
31, 0.4340, 0.1200, 0.1270, 0.0660
31, 0.4140, 0.1210, 0.1260, 0.0630
31, 0.4170, 0.1210, 0.1260, 0.0630
32, 0.4130, 0.1220, 0.1260, 0.0630
32, 0.4160, 0.1220, 0.1270, 0.0640
32, 0.4190, 0.1200, 0.1260, 0.0650
32, 0.4110, 0.1210, 0.1280, 0.0650
32, 0.4100, 0.1230, 0.1270, 0.0620
32, 0.4150, 0.1230, 0.1250, 0.0640
32, 0.4230, 0.1230, 0.1230, 0.0650
32, 0.4240, 0.1220, 0.1260, 0.0650
32, 0.4190, 0.1210, 0.1260, 0.0620
33, 0.4400, 0.1230, 0.1250, 0.0650
33, 0.4190, 0.1200, 0.1270, 0.0630
33, 0.4140, 0.1210, 0.1250, 0.0630
33, 0.4160, 0.1240, 0.1270, 0.0640
33, 0.4030, 0.1220, 0.1260, 0.0630
33, 0.4200, 0.1230, 0.1270, 0.0620
33, 0.4290, 0.1220, 0.1250, 0.0650
33, 0.4210, 0.1230, 0.1270, 0.0630
34, 0.4350, 0.1220, 0.1270, 0.0650
34, 0.4210, 0.1210, 0.1270, 0.0620
34, 0.4080, 0.1230, 0.1250, 0.0630
34, 0.4280, 0.1240, 0.1250, 0.0620
34, 0.4240, 0.1210, 0.1280, 0.0660
34, 0.4150, 0.1230, 0.1260, 0.0660
34, 0.4230, 0.1210, 0.1280, 0.0640
34, 0.4100, 0.1240, 0.1250, 0.0630
34, 0.4160, 0.1230, 0.1260, 0.0650
35, 0.4070, 0.1230, 0.1260, 0.0620
35, 0.4230, 0.1220, 0.1250, 0.0640
35, 0.4220, 0.1220, 0.1240, 0.0630
35, 0.4100, 0.1250, 0.1260, 0.0630
35, 0.4220, 0.1230, 0.1260, 0.0630
35, 0.4320, 0.1230, 0.1250, 0.0640
35, 0.4220, 0.1230, 0.1260, 0.0640
35, 0.4290, 0.1230, 0.1240, 0.0630
35, 0.4140, 0.1230, 0.1250, 0.0610
36, 0.4190, 0.1230, 0.1280, 0.0630
36, 0.4310, 0.1220, 0.1250, 0.0630
36, 0.4020, 0.1200, 0.1250, 0.0600
36, 0.4260, 0.1220, 0.1240, 0.0620
36, 0.4160, 0.1230, 0.1250, 0.0640
36, 0.4020, 0.1210, 0.1240, 0.0630
36, 0.4240, 0.1200, 0.1260, 0.0630
36, 0.4140, 0.1230, 0.1250, 0.0610
37, 0.4150, 0.1240, 0.1250, 0.0600
37, 0.4310, 0.1230, 0.1280, 0.0630
37, 0.4180, 0.1240, 0.1270, 0.0620
37, 0.4310, 0.1220, 0.1230, 0.0650
37, 0.4160, 0.1200, 0.1240, 0.0620
37, 0.4210, 0.1220, 0.1270, 0.0600
37, 0.4030, 0.1220, 0.1250, 0.0630
37, 0.4140, 0.1220, 0.1250, 0.0640
37, 0.4130, 0.1240, 0.1230, 0.0630
38, 0.4240, 0.1220, 0.1240, 0.0640
38, 0.4250, 0.1210, 0.1230, 0.0620
38, 0.4180, 0.1210, 0.1260, 0.0640
38, 0.4240, 0.1220, 0.1260, 0.0610
38, 0.4300, 0.1220, 0.1250, 0.0620
38, 0.3980, 0.1210, 0.1240, 0.0630
38, 0.4210, 0.1250, 0.1250, 0.0630
38, 0.4040, 0.1210, 0.1250, 0.0620
38, 0.4200, 0.1240, 0.1270, 0.0610
39, 0.4260, 0.1230, 0.1240, 0.0610
39, 0.4350, 0.1240, 0.1240, 0.0630
39, 0.4160, 0.1240, 0.1240, 0.0600
39, 0.4060, 0.1210, 0.1250, 0.0640
39, 0.3810, 0.1220, 0.1300, 0.0610
39, 0.3810, 0.1230, 0.1260, 0.0630
39, 0.3680, 0.1220, 0.1280, 0.0620
39, 0.3680, 0.1220, 0.1270, 0.0590
40, 0.3650, 0.1210, 0.1280, 0.0610
40, 0.3840, 0.1210, 0.1280, 0.0600
40, 0.3780, 0.1220, 0.1280, 0.0620
40, 0.3640, 0.1240, 0.1300, 0.0640
40, 0.3810, 0.1230, 0.1260, 0.0640
40, 0.3590, 0.1230, 0.1300, 0.0680
40, 0.3770, 0.1210, 0.1290, 0.0660
40, 0.3790, 0.1200, 0.1260, 0.0690
40, 0.3830, 0.1210, 0.1300, 0.0740
41, 0.3720, 0.1230, 0.1270, 0.0780
41, 0.3760, 0.1230, 0.1280, 0.0780
41, 0.5800, 0.1250, 0.1270, 0.0840
41, 0.5850, 0.1260, 0.1260, 0.0890
41, 0.5710, 0.1230, 0.1280, 0.0950
41, 0.5610, 0.1250, 0.1280, 0.0950
41, 0.5820, 0.1250, 0.1250, 0.0960
41, 0.5860, 0.1240, 0.1250, 0.0980
41, 0.5540, 0.1260, 0.1280, 0.1000
42, 0.5700, 0.1240, 0.1270, 0.1000
42, 0.5760, 0.1230, 0.1260, 0.0990
42, 0.5800, 0.1260, 0.1280, 0.1000
42, 0.5670, 0.1240, 0.1260, 0.1020
42, 0.5770, 0.1260, 0.1290, 0.1020
42, 0.5580, 0.1260, 0.1260, 0.1020
42, 0.5710, 0.1250, 0.1280, 0.1030
42, 0.5790, 0.1230, 0.1280, 0.1080
42, 0.5700, 0.1260, 0.1260, 0.1090
43, 0.5600, 0.1250, 0.1280, 0.1100
43, 0.5780, 0.1240, 0.1250, 0.1160
43, 0.5500, 0.1230, 0.1270, 0.1120
43, 0.5650, 0.1230, 0.1260, 0.1130
43, 0.5640, 0.1240, 0.1270, 0.1130
43, 0.5880, 0.1250, 0.1250, 0.1110
43, 0.5630, 0.1240, 0.1270, 0.1120
43, 0.5690, 0.1230, 0.1270, 0.1100
44, 0.5490, 0.1270, 0.1270, 0.1120
44, 0.5530, 0.1250, 0.1270, 0.1120
44, 0.5650, 0.1260, 0.1250, 0.1110
44, 0.5600, 0.1240, 0.1230, 0.1130
44, 0.5530, 0.1260, 0.1250, 0.1110
44, 0.5600, 0.1240, 0.1250, 0.1120
44, 0.5670, 0.1240, 0.1280, 0.1120
44, 0.5700, 0.1250, 0.1270, 0.1110
44, 0.5580, 0.1240, 0.1250, 0.1130
45, 0.5750, 0.1260, 0.1280, 0.1110
45, 0.5710, 0.1270, 0.1260, 0.1120
45, 0.5660, 0.1270, 0.1260, 0.1120
45, 0.5550, 0.1250, 0.1260, 0.1140
45, 0.5790, 0.1240, 0.1280, 0.1110
45, 0.5590, 0.1260, 0.1260, 0.1130
45, 0.5750, 0.1260, 0.1260, 0.1130
45, 0.5670, 0.1240, 0.1270, 0.1130
45, 0.5580, 0.1250, 0.1260, 0.1110
46, 0.5660, 0.1250, 0.1280, 0.1130
46, 0.5790, 0.1250, 0.1270, 0.1130
46, 0.5610, 0.1240, 0.1240, 0.1140
46, 0.5700, 0.1250, 0.1260, 0.1120
46, 0.5620, 0.1240, 0.1250, 0.1120
46, 0.5770, 0.1230, 0.1290, 0.1110
46, 0.5710, 0.1240, 0.1250, 0.1140
46, 0.5730, 0.1240, 0.1260, 0.1130
47, 0.5690, 0.1240, 0.1270, 0.1110
47, 0.5590, 0.1250, 0.1280, 0.1140
47, 0.5810, 0.1260, 0.1280, 0.1100
47, 0.5610, 0.1230, 0.1250, 0.1090
47, 0.5600, 0.1250, 0.1270, 0.1150
47, 0.5860, 0.1240, 0.1230, 0.1120
47, 0.5680, 0.1250, 0.1250, 0.1150
47, 0.5600, 0.1230, 0.1250, 0.1150
47, 0.5570, 0.1260, 0.1240, 0.1140
48, 0.5490, 0.1260, 0.1260, 0.1130
48, 0.5640, 0.1240, 0.1250, 0.1120
48, 0.5710, 0.1240, 0.1250, 0.1130
48, 0.5720, 0.1230, 0.1260, 0.1140
48, 0.5740, 0.1240, 0.1260, 0.1110
48, 0.5670, 0.1240, 0.1250, 0.1120
48, 0.5730, 0.1250, 0.1250, 0.1150
48, 0.5580, 0.1270, 0.1260, 0.1130
48, 0.5650, 0.1240, 0.1250, 0.1130
49, 0.5650, 0.1260, 0.1230, 0.1130
49, 0.5660, 0.1250, 0.1280, 0.1130
49, 0.5840, 0.1240, 0.1290, 0.1140
49, 0.5750, 0.1250, 0.1260, 0.1160
49, 0.5790, 0.1260, 0.1240, 0.1140
49, 0.5740, 0.1250, 0.1250, 0.1130
49, 0.5570, 0.1260, 0.1260, 0.1140
49, 0.5790, 0.1240, 0.1260, 0.1120
50, 0.5710, 0.1280, 0.1250, 0.1130
50, 0.5650, 0.1230, 0.1280, 0.1140
50, 0.5680, 0.1230, 0.1250, 0.1130
50, 0.5900, 0.1240, 0.1260, 0.1140
50, 0.5710, 0.1240, 0.1250, 0.1110
50, 0.5840, 0.1240, 0.1220, 0.1130
50, 0.5780, 0.1270, 0.1260, 0.1130
50, 0.5640, 0.1260, 0.1240, 0.1160
50, 0.5950, 0.1250, 0.1260, 0.1130
51, 0.5710, 0.1240, 0.1240, 0.1140
51, 0.5590, 0.1240, 0.1250, 0.1150
51, 0.5660, 0.1270, 0.1270, 0.1160
51, 0.5610, 0.1240, 0.1260, 0.1170
51, 0.5560, 0.1230, 0.1250, 0.1140
51, 0.5660, 0.1250, 0.1260, 0.1130
51, 0.5890, 0.1260, 0.1260, 0.1130
51, 0.5750, 0.1250, 0.1250, 0.1150
51, 0.5710, 0.1240, 0.1260, 0.1160
52, 0.5620, 0.1230, 0.1260, 0.1150
52, 0.5770, 0.1240, 0.1250, 0.1120
52, 0.5650, 0.1250, 0.1260, 0.1120
52, 0.5730, 0.1230, 0.1300, 0.1140
52, 0.5580, 0.1250, 0.1280, 0.1150
52, 0.5680, 0.1270, 0.1300, 0.1160
52, 0.5820, 0.1260, 0.1300, 0.1150
52, 0.5690, 0.1270, 0.1300, 0.1160
52, 0.5700, 0.1260, 0.1300, 0.1140
53, 0.5770, 0.1240, 0.1280, 0.1170
53, 0.5860, 0.1230, 0.1280, 0.1170
53, 0.5750, 0.1250, 0.1260, 0.1180
53, 0.5720, 0.1250, 0.1260, 0.1200
53, 0.5530, 0.1240, 0.1260, 0.1210
53, 0.5650, 0.1260, 0.1250, 0.1170
53, 0.5740, 0.1260, 0.1270, 0.1170
53, 0.5840, 0.1250, 0.1260, 0.1150
54, 0.5710, 0.1250, 0.1260, 0.1180
54, 0.5670, 0.1270, 0.1260, 0.1180
54, 0.5600, 0.1260, 0.1250, 0.1190
54, 0.5760, 0.1250, 0.1270, 0.1160
54, 0.5590, 0.1260, 0.1280, 0.1180
54, 0.5680, 0.1250, 0.1280, 0.1180
54, 0.5810, 0.1250, 0.1270, 0.1170
54, 0.5730, 0.1240, 0.1280, 0.1170
54, 0.5640, 0.1250, 0.1290, 0.1160
55, 0.5600, 0.1240, 0.1290, 0.1200
55, 0.5750, 0.1250, 0.1270, 0.1170
55, 0.5630, 0.1250, 0.1280, 0.1190
55, 0.5680, 0.1260, 0.1290, 0.1170
55, 0.5610, 0.1250, 0.1290, 0.1180
55, 0.5610, 0.1260, 0.1300, 0.1180
55, 0.5650, 0.1240, 0.1260, 0.1160
55, 0.5770, 0.1260, 0.1290, 0.1190
55, 0.5780, 0.1250, 0.1300, 0.1200
56, 0.5590, 0.1260, 0.1280, 0.1180
56, 0.5760, 0.1250, 0.1290, 0.1180
56, 0.5610, 0.1250, 0.1280, 0.1180
56, 0.5580, 0.1260, 0.1310, 0.1170
56, 0.5540, 0.1240, 0.1300, 0.1180
56, 0.5820, 0.1250, 0.1280, 0.1170
56, 0.5760, 0.1240, 0.1300, 0.1180
56, 0.5590, 0.1220, 0.1270, 0.1180
57, 0.5920, 0.1240, 0.1310, 0.1180
57, 0.5850, 0.1250, 0.1280, 0.1190
57, 0.5920, 0.1230, 0.1290, 0.1190
57, 0.5850, 0.1230, 0.1280, 0.1200
57, 0.5600, 0.1250, 0.1280, 0.1210
57, 0.5740, 0.1240, 0.1310, 0.1200
57, 0.5670, 0.1240, 0.1290, 0.1190
57, 0.5770, 0.1240, 0.1300, 0.1200
57, 0.5710, 0.1240, 0.1320, 0.1210
58, 0.5750, 0.1210, 0.1300, 0.1200
58, 0.5570, 0.1240, 0.1280, 0.1190
58, 0.5780, 0.1250, 0.1310, 0.1170
58, 0.5630, 0.1250, 0.1280, 0.1180
58, 0.5760, 0.1230, 0.1260, 0.1180
58, 0.5670, 0.1250, 0.1280, 0.1200
58, 0.5730, 0.1260, 0.1290, 0.1240
58, 0.5640, 0.1260, 0.1270, 0.1220
58, 0.5750, 0.1250, 0.1270, 0.1210
59, 0.5560, 0.1260, 0.1250, 0.1190
59, 0.5740, 0.1250, 0.1280, 0.1230
59, 0.5650, 0.1260, 0.1290, 0.1210
59, 0.5820, 0.1240, 0.1270, 0.1220
59, 0.5600, 0.1230, 0.1280, 0.1210
59, 0.5770, 0.1230, 0.1270, 0.1210
59, 0.5840, 0.1240, 0.1300, 0.1200
59, 0.5680, 0.1240, 0.1300, 0.1220
59, 0.5680, 0.1240, 0.1310, 0.1220
60, 0.5640, 0.1250, 0.1280, 0.1200
60, 0.5480, 0.1240, 0.1270, 0.1230
60, 0.5860, 0.1240, 0.1290, 0.1220
60, 0.5730, 0.1260, 0.1310, 0.1240
60, 0.5720, 0.1240, 0.1280, 0.1210
60, 0.5800, 0.1270, 0.1260, 0.1240
60, 0.5760, 0.1230, 0.1280, 0.1230
60, 0.5570, 0.1220, 0.1280, 0.1260
61, 0.5750, 0.1260, 0.1260, 0.1240
61, 0.5590, 0.1250, 0.1290, 0.1220
61, 0.5650, 0.1240, 0.1270, 0.1230
61, 0.5770, 0.1260, 0.1270, 0.1260
61, 0.5560, 0.1240, 0.1260, 0.1240
61, 0.5640, 0.1250, 0.1260, 0.1250
61, 0.5730, 0.1230, 0.1270, 0.1250
61, 0.5830, 0.1220, 0.1260, 0.1230
61, 0.5760, 0.1240, 0.1290, 0.1220
62, 0.5830, 0.1280, 0.1260, 0.1220
62, 0.5680, 0.1240, 0.1270, 0.1240
62, 0.5770, 0.1250, 0.1260, 0.1210
62, 0.5670, 0.1250, 0.1270, 0.1240
62, 0.5810, 0.1240, 0.1270, 0.1220
62, 0.5680, 0.1260, 0.1280, 0.1250
62, 0.5820, 0.1240, 0.1260, 0.1240
62, 0.5670, 0.1240, 0.1300, 0.1220
62, 0.5720, 0.1250, 0.1290, 0.1240
63, 0.5780, 0.1250, 0.1260, 0.1270
63, 0.5660, 0.1250, 0.1300, 0.1260
63, 0.5670, 0.1250, 0.1280, 0.1230
63, 0.5680, 0.1260, 0.1290, 0.1270
63, 0.5720, 0.1260, 0.1270, 0.1270
63, 0.5690, 0.1260, 0.1260, 0.1240
63, 0.5730, 0.1260, 0.1260, 0.1220
63, 0.5730, 0.1250, 0.1300, 0.1250
63, 0.5750, 0.1260, 0.1290, 0.1240
64, 0.5640, 0.1260, 0.1270, 0.1260
64, 0.5770, 0.1260, 0.1260, 0.1270
64, 0.5780, 0.1230, 0.1300, 0.1260
64, 0.5630, 0.1260, 0.1290, 0.1250
64, 0.5630, 0.1240, 0.1280, 0.1250
64, 0.5750, 0.1240, 0.1280, 0.1290
64, 0.5720, 0.1260, 0.1290, 0.1280
64, 0.5700, 0.1250, 0.1270, 0.1250
65, 0.5770, 0.1230, 0.1250, 0.1290
65, 0.5810, 0.1250, 0.1280, 0.1260
65, 0.5560, 0.1250, 0.1290, 0.1250
65, 0.5720, 0.1250, 0.1290, 0.1270
65, 0.5660, 0.1270, 0.1300, 0.1260
65, 0.5710, 0.1250, 0.1280, 0.1260
65, 0.5830, 0.1260, 0.1290, 0.1250
65, 0.5700, 0.1260, 0.1280, 0.1260
65, 0.5700, 0.1270, 0.1300, 0.1250
66, 0.5700, 0.1250, 0.1280, 0.1270
66, 0.5660, 0.1240, 0.1300, 0.1280
66, 0.5790, 0.1260, 0.1290, 0.1270
66, 0.5890, 0.1230, 0.1320, 0.1280
66, 0.5770, 0.1240, 0.1280, 0.1240
66, 0.5700, 0.1250, 0.1300, 0.1250
66, 0.5650, 0.1280, 0.1300, 0.1280
66, 0.5800, 0.1250, 0.1290, 0.1260
66, 0.5840, 0.1240, 0.1290, 0.1250
67, 0.5570, 0.1260, 0.1270, 0.1260
67, 0.5770, 0.1240, 0.1260, 0.1270
67, 0.5730, 0.1270, 0.1270, 0.1260
67, 0.5650, 0.1240, 0.1270, 0.1250
67, 0.5880, 0.1270, 0.1320, 0.1270
67, 0.5750, 0.1240, 0.1280, 0.1240
67, 0.5620, 0.1260, 0.1320, 0.1270
67, 0.5760, 0.1230, 0.1280, 0.1260
67, 0.5730, 0.1260, 0.1310, 0.1230
68, 0.5800, 0.1260, 0.1280, 0.1220
68, 0.5670, 0.1250, 0.1290, 0.1220
68, 0.5850, 0.1230, 0.1290, 0.1240
68, 0.5660, 0.1260, 0.1280, 0.1220
68, 0.5710, 0.1240, 0.1290, 0.1250
68, 0.5620, 0.1250, 0.1300, 0.1240
68, 0.5810, 0.1260, 0.1320, 0.1240
68, 0.5810, 0.1250, 0.1280, 0.1250
69, 0.5880, 0.1260, 0.1310, 0.1260
69, 0.5690, 0.1260, 0.1280, 0.1240
69, 0.5770, 0.1260, 0.1280, 0.1230
69, 0.5670, 0.1260, 0.1310, 0.1250
69, 0.5830, 0.1250, 0.1260, 0.1230
69, 0.5780, 0.1230, 0.1270, 0.1240
69, 0.5770, 0.1250, 0.1270, 0.1240
69, 0.5750, 0.1250, 0.1270, 0.1250
69, 0.5790, 0.1270, 0.1250, 0.1250
70, 0.5680, 0.1240, 0.1260, 0.1220
70, 0.5640, 0.1240, 0.1280, 0.1240
70, 0.5790, 0.1260, 0.1280, 0.1220
70, 0.5760, 0.1260, 0.1290, 0.1230
70, 0.5700, 0.1260, 0.1290, 0.1250
70, 0.5670, 0.1250, 0.1270, 0.1260
70, 0.5710, 0.1270, 0.1290, 0.1260
70, 0.5760, 0.1260, 0.1270, 0.1230
70, 0.5690, 0.1270, 0.1280, 0.1250
71, 0.5810, 0.1260, 0.1290, 0.1220
71, 0.5590, 0.1250, 0.1280, 0.1220
71, 0.5630, 0.1250, 0.1300, 0.1240
71, 0.5660, 0.1250, 0.1280, 0.1230
71, 0.5760, 0.1260, 0.1270, 0.1230
71, 0.5670, 0.1240, 0.1290, 0.1250
71, 0.5560, 0.1240, 0.1290, 0.1220
71, 0.5520, 0.1250, 0.1290, 0.1250
71, 0.5780, 0.1250, 0.1290, 0.1250
72, 0.5690, 0.1260, 0.1290, 0.1240
72, 0.5720, 0.1240, 0.1300, 0.1210
72, 0.5610, 0.1260, 0.1290, 0.1240
72, 0.5750, 0.1270, 0.1310, 0.1240
72, 0.5680, 0.1260, 0.1280, 0.1240
72, 0.5740, 0.1280, 0.1290, 0.1230
72, 0.5770, 0.1250, 0.1320, 0.1240
72, 0.5680, 0.1260, 0.1300, 0.1270
73, 0.5740, 0.1270, 0.1310, 0.1240
73, 0.5620, 0.1270, 0.1290, 0.1240
73, 0.5740, 0.1260, 0.1310, 0.1240
73, 0.5840, 0.1260, 0.1290, 0.1260
73, 0.5670, 0.1250, 0.1300, 0.1230
73, 0.5730, 0.1230, 0.1290, 0.1250
73, 0.5530, 0.1270, 0.1280, 0.1250
73, 0.5770, 0.1260, 0.1310, 0.1240
73, 0.5600, 0.1240, 0.1290, 0.1260
74, 0.5790, 0.1250, 0.1300, 0.1250
74, 0.5720, 0.1260, 0.1310, 0.1260
74, 0.5740, 0.1260, 0.1260, 0.1250
74, 0.5790, 0.1250, 0.1300, 0.1230
74, 0.5660, 0.1250, 0.1300, 0.1240
74, 0.5700, 0.1290, 0.1300, 0.1250
74, 0.5720, 0.1250, 0.1290, 0.1240
74, 0.5790, 0.1260, 0.1310, 0.1250
74, 0.5560, 0.1260, 0.1280, 0.1250
75, 0.5670, 0.1270, 0.1280, 0.1250
75, 0.5740, 0.1260, 0.1290, 0.1240
75, 0.5820, 0.1260, 0.1290, 0.1230
75, 0.5720, 0.1270, 0.1280, 0.1240
75, 0.5610, 0.1270, 0.1300, 0.1230
75, 0.5500, 0.1240, 0.1310, 0.1250
75, 0.5750, 0.1240, 0.1300, 0.1250
75, 0.5730, 0.1280, 0.1300, 0.1250
76, 0.5830, 0.1270, 0.1300, 0.1220
76, 0.5860, 0.1280, 0.1310, 0.1230
76, 0.5590, 0.1250, 0.1290, 0.1230
76, 0.5920, 0.1260, 0.1290, 0.1220
76, 0.5830, 0.1250, 0.1310, 0.1220
76, 0.5880, 0.1270, 0.1300, 0.1250
76, 0.5720, 0.1270, 0.1260, 0.1250
76, 0.5690, 0.1260, 0.1310, 0.1220
76, 0.5700, 0.1260, 0.1290, 0.1240
77, 0.5730, 0.1250, 0.1280, 0.1230
77, 0.5720, 0.1280, 0.1290, 0.1220
77, 0.5700, 0.1280, 0.1300, 0.1240
77, 0.5480, 0.1260, 0.1300, 0.1230
77, 0.5680, 0.1250, 0.1280, 0.1220
77, 0.5670, 0.1240, 0.1300, 0.1250
77, 0.5750, 0.1260, 0.1290, 0.1250
77, 0.5830, 0.1260, 0.1300, 0.1220
77, 0.5500, 0.1260, 0.1300, 0.1250
78, 0.5710, 0.1260, 0.1310, 0.1210
78, 0.5690, 0.1260, 0.1280, 0.1230
78, 0.5650, 0.1260, 0.1290, 0.1230
78, 0.5840, 0.1260, 0.1270, 0.1230
78, 0.5800, 0.1270, 0.1280, 0.1230
78, 0.6020, 0.1270, 0.1300, 0.1220
78, 0.5570, 0.1250, 0.1290, 0.1240
78, 0.5610, 0.1260, 0.1300, 0.1210
78, 0.5860, 0.1280, 0.1290, 0.1230
79, 0.5790, 0.1250, 0.1310, 0.1210
79, 0.5830, 0.1250, 0.1300, 0.1250
79, 0.5750, 0.1250, 0.1290, 0.1230
79, 0.5640, 0.1250, 0.1300, 0.1210
79, 0.5610, 0.1240, 0.1300, 0.1240
79, 0.5610, 0.1250, 0.1280, 0.1220
79, 0.5730, 0.1260, 0.1290, 0.1230
79, 0.5790, 0.1250, 0.1310, 0.1240
80, 0.5760, 0.1280, 0.1290, 0.1240
80, 0.5830, 0.1290, 0.1270, 0.1220
80, 0.5810, 0.1250, 0.1310, 0.1250
80, 0.5740, 0.1280, 0.1310, 0.1210
80, 0.5680, 0.1270, 0.1300, 0.1230
80, 0.5700, 0.1250, 0.1310, 0.1230
80, 0.5720, 0.1250, 0.1280, 0.1230
80, 0.5760, 0.1250, 0.1270, 0.1240
80, 0.5740, 0.1250, 0.1300, 0.1230
81, 0.5730, 0.1260, 0.1290, 0.1240
81, 0.5560, 0.1270, 0.1290, 0.1240
81, 0.5490, 0.1250, 0.1280, 0.1240
81, 0.5770, 0.1260, 0.1300, 0.1230
81, 0.5590, 0.1270, 0.1300, 0.1250
81, 0.5580, 0.1260, 0.1280, 0.1240
81, 0.5730, 0.1250, 0.1300, 0.1250
81, 0.5650, 0.1270, 0.1290, 0.1260
81, 0.5590, 0.1260, 0.1280, 0.1250
82, 0.5540, 0.1250, 0.1310, 0.1250
82, 0.5640, 0.1250, 0.1300, 0.1240
82, 0.5780, 0.1250, 0.1280, 0.1250
82, 0.5720, 0.1260, 0.1300, 0.1250
82, 0.5720, 0.1260, 0.1290, 0.1250
82, 0.5230, 0.1250, 0.1310, 0.1270
82, 0.5100, 0.1250, 0.1300, 0.1260
82, 0.4950, 0.1250, 0.1300, 0.1270
83, 0.5080, 0.1250, 0.1300, 0.1220
83, 0.4830, 0.1240, 0.1300, 0.1240
83, 0.5050, 0.1240, 0.1270, 0.1240
83, 0.5050, 0.1250, 0.1290, 0.1170
83, 0.5030, 0.1230, 0.1300, 0.1230
83, 0.5070, 0.1270, 0.1300, 0.1190
83, 0.5010, 0.1240, 0.1290, 0.1180
83, 0.4960, 0.1250, 0.1300, 0.1240
83, 0.4840, 0.1270, 0.1290, 0.1260
84, 0.5100, 0.1250, 0.1270, 0.1160
84, 0.4770, 0.1260, 0.1330, 0.1220
84, 0.5040, 0.1240, 0.1310, 0.1180
84, 0.4500, 0.1250, 0.1280, 0.1070
84, 0.5200, 0.1250, 0.1300, 0.1180
84, 0.5030, 0.1250, 0.1280, 0.1240
84, 0.5180, 0.1240, 0.1300, 0.1130
84, 0.4680, 0.1260, 0.1300, 0.1220
84, 0.5020, 0.1250, 0.1300, 0.1200
85, 0.5120, 0.1260, 0.1290, 0.1140
85, 0.4500, 0.1270, 0.1300, 0.1100
85, 0.5090, 0.1240, 0.1310, 0.0950
85, 0.5080, 0.1260, 0.1290, 0.0780
85, 0.4860, 0.1240, 0.1260, 0.1180
85, 0.5030, 0.1260, 0.1270, 0.1150
85, 0.5110, 0.1240, 0.1290, 0.1140
85, 0.5040, 0.1260, 0.1260, 0.1150
85, 0.5040, 0.1240, 0.1280, 0.1110
86, 0.5000, 0.1250, 0.1320, 0.1070
86, 0.5150, 0.1250, 0.1300, 0.1050
86, 0.5250, 0.1250, 0.1290, 0.0990
86, 0.4820, 0.1250, 0.1300, 0.0950
86, 0.4950, 0.1240, 0.1310, 0.0970
86, 0.5060, 0.1270, 0.1290, 0.0920
86, 0.5000, 0.1250, 0.1290, 0.0880
86, 0.5200, 0.1250, 0.1280, 0.0820
87, 0.5110, 0.1250, 0.1300, 0.0830
87, 0.4900, 0.1240, 0.1300, 0.0790
87, 0.5030, 0.1260, 0.1300, 0.0770
87, 0.4980, 0.1240, 0.1290, 0.0760
87, 0.5140, 0.1250, 0.1290, 0.0740
87, 0.5120, 0.1240, 0.1300, 0.0730
87, 0.5120, 0.1260, 0.1290, 0.0690
87, 0.5080, 0.1260, 0.1280, 0.0720
87, 0.5140, 0.1260, 0.1310, 0.0700
88, 0.5080, 0.1280, 0.1300, 0.0680
88, 0.5080, 0.1230, 0.1300, 0.0680
88, 0.4980, 0.1250, 0.1310, 0.0660
88, 0.5170, 0.1240, 0.1300, 0.0630
88, 0.4980, 0.1250, 0.1280, 0.0580
88, 0.4760, 0.1260, 0.1280, 0.0540
88, 0.5030, 0.1240, 0.1290, 0.0540
88, 0.5060, 0.1260, 0.1290, 0.0520
88, 0.4960, 0.1260, 0.1300, 0.0530
89, 0.5040, 0.1260, 0.1300, 0.0510
89, 0.4920, 0.1240, 0.1290, 0.0480
89, 0.4990, 0.1240, 0.1300, 0.0480
89, 0.4980, 0.1260, 0.1300, 0.0450
89, 0.4930, 0.1270, 0.1280, 0.0490
89, 0.5080, 0.1250, 0.1300, 0.0480
89, 0.5030, 0.1240, 0.1290, 0.0540
89, 0.4920, 0.1240, 0.1290, 0.0570
90, 0.5000, 0.1270, 0.1290, 0.0570
90, 0.5020, 0.1270, 0.1290, 0.0580
90, 0.5130, 0.1280, 0.1330, 0.0580
90, 0.5160, 0.1260, 0.1300, 0.0580
90, 0.5110, 0.1240, 0.1290, 0.0560
90, 0.5160, 0.1260, 0.1300, 0.0560
90, 0.4960, 0.1260, 0.1310, 0.0540
90, 0.5010, 0.1250, 0.1310, 0.0510
90, 0.4990, 0.1250, 0.1300, 0.0480
91, 0.5030, 0.1260, 0.1290, 0.0440
91, 0.5030, 0.1260, 0.1290, 0.0450
91, 0.5010, 0.1270, 0.1310, 0.0480
91, 0.4990, 0.1260, 0.1300, 0.0450
91, 0.5010, 0.1250, 0.1280, 0.0440
91, 0.5350, 0.1250, 0.1320, 0.0450
91, 0.5110, 0.1240, 0.1310, 0.0420
91, 0.4950, 0.1240, 0.1300, 0.0440
91, 0.5040, 0.1250, 0.1320, 0.0420
92, 0.5090, 0.1250, 0.1310, 0.0430
92, 0.4970, 0.1260, 0.1300, 0.0440
92, 0.4950, 0.1250, 0.1280, 0.0400
92, 0.5080, 0.1250, 0.1310, 0.0440
92, 0.5280, 0.1270, 0.1300, 0.0430
92, 0.5000, 0.1270, 0.1300, 0.0410
92, 0.4960, 0.1230, 0.1330, 0.0420
92, 0.4920, 0.1220, 0.1300, 0.0440
92, 0.5010, 0.1240, 0.1300, 0.0440
93, 0.5140, 0.1230, 0.1300, 0.0430
93, 0.5190, 0.1240, 0.1270, 0.0440
93, 0.5050, 0.1260, 0.1290, 0.0450
93, 0.4970, 0.1240, 0.1290, 0.0450
93, 0.4850, 0.1240, 0.1290, 0.0450
93, 0.5120, 0.1250, 0.1310, 0.0450
93, 0.5120, 0.1250, 0.1300, 0.0450
93, 0.5150, 0.1260, 0.1310, 0.0450
94, 0.4910, 0.1280, 0.1300, 0.0470
94, 0.5180, 0.1250, 0.1300, 0.0460
94, 0.4980, 0.1240, 0.1270, 0.0470
94, 0.5090, 0.1260, 0.1290, 0.0450
94, 0.5210, 0.1260, 0.1290, 0.0460
94, 0.5030, 0.1260, 0.1310, 0.0450
94, 0.5040, 0.1260, 0.1300, 0.0480
94, 0.4900, 0.1240, 0.1290, 0.0470
94, 0.5100, 0.1240, 0.1300, 0.0460
95, 0.5260, 0.1250, 0.1300, 0.0470
95, 0.4890, 0.1240, 0.1280, 0.0440
95, 0.5280, 0.1250, 0.1290, 0.0500
95, 0.5160, 0.1250, 0.1290, 0.0470
95, 0.5160, 0.1230, 0.1280, 0.0450
95, 0.5090, 0.1230, 0.1300, 0.1170
95, 0.4980, 0.1240, 0.1310, 0.1160
95, 0.4920, 0.1240, 0.1300, 0.1120
95, 0.4930, 0.1240, 0.1310, 0.1120
96, 0.4940, 0.1230, 0.1310, 0.1110
96, 0.4920, 0.1250, 0.1300, 0.1140
96, 0.5070, 0.1230, 0.1310, 0.1130
96, 0.5170, 0.1260, 0.1300, 0.1100
96, 0.5080, 0.1260, 0.1300, 0.1130
96, 0.4930, 0.1240, 0.1310, 0.1130
96, 0.4890, 0.1260, 0.1310, 0.1120
96, 0.5030, 0.1250, 0.1300, 0.1090
97, 0.5130, 0.1250, 0.1300, 0.1090
97, 0.5120, 0.1250, 0.1330, 0.1090
97, 0.4930, 0.1240, 0.1310, 0.1090
97, 0.5020, 0.1250, 0.1310, 0.1090
97, 0.5180, 0.1260, 0.1310, 0.1070
97, 0.4890, 0.1240, 0.1320, 0.1100
97, 0.5010, 0.1240, 0.1300, 0.1090
97, 0.5080, 0.1270, 0.1310, 0.1090
97, 0.5090, 0.1250, 0.1280, 0.1090
98, 0.5080, 0.1240, 0.1280, 0.1070
98, 0.5270, 0.1250, 0.1290, 0.1110
98, 0.5060, 0.1260, 0.1310, 0.1100
98, 0.5010, 0.1240, 0.1280, 0.1070
98, 0.5100, 0.1240, 0.1310, 0.1090
98, 0.5040, 0.1260, 0.1310, 0.1080
98, 0.5090, 0.1260, 0.1300, 0.1080
98, 0.5030, 0.1230, 0.1290, 0.1080
98, 0.4920, 0.1250, 0.1300, 0.1090
99, 0.5060, 0.1250, 0.1320, 0.1070
99, 0.5210, 0.1250, 0.1280, 0.1090
99, 0.4910, 0.1240, 0.1290, 0.1080
99, 0.5030, 0.1210, 0.1310, 0.1100
99, 0.5110, 0.1240, 0.1310, 0.1070
99, 0.5090, 0.1240, 0.1280, 0.1110
99, 0.5060, 0.1250, 0.1290, 0.1090
99, 0.4910, 0.1230, 0.1300, 0.1080
100, 0.5160, 0.1220, 0.1280, 0.1090
100, 0.5040, 0.1260, 0.1320, 0.1100
100, 0.5100, 0.1220, 0.1300, 0.1100
100, 0.5010, 0.1240, 0.1310, 0.1100
100, 0.5100, 0.1220, 0.1300, 0.1090
100, 0.4900, 0.1240, 0.1310, 0.1090
100, 0.5000, 0.1230, 0.1300, 0.1090
100, 0.5030, 0.1230, 0.1310, 0.1100
100, 0.5010, 0.1230, 0.1310, 0.1060
101, 0.5250, 0.1250, 0.1310, 0.1090
101, 0.4910, 0.1230, 0.1310, 0.1100
101, 0.5140, 0.1230, 0.1290, 0.1090
101, 0.5070, 0.1240, 0.1290, 0.1090
101, 0.4950, 0.1230, 0.1300, 0.1110
101, 0.4880, 0.1250, 0.1310, 0.1110
101, 0.4940, 0.1250, 0.1320, 0.1110
101, 0.5120, 0.1220, 0.1300, 0.1110
101, 0.5070, 0.1250, 0.1320, 0.1090
102, 0.4910, 0.1250, 0.1290, 0.1110
102, 0.5100, 0.1230, 0.1300, 0.1110
102, 0.4860, 0.1230, 0.1290, 0.1100
102, 0.5150, 0.1250, 0.1320, 0.1120
102, 0.4890, 0.1220, 0.1300, 0.1120
102, 0.5160, 0.1240, 0.1290, 0.1100
102, 0.5120, 0.1230, 0.1300, 0.1140
102, 0.4910, 0.1260, 0.1310, 0.1130
102, 0.4850, 0.1230, 0.1300, 0.1110
103, 0.5210, 0.1250, 0.1280, 0.1130
103, 0.5060, 0.1250, 0.1310, 0.1140
103, 0.4870, 0.1240, 0.1290, 0.1110
103, 0.5170, 0.1250, 0.1300, 0.1130
103, 0.5070, 0.1240, 0.1300, 0.1130
103, 0.5030, 0.1230, 0.1320, 0.1120
103, 0.4890, 0.1250, 0.1300, 0.1120
103, 0.4990, 0.1230, 0.1280, 0.1130
104, 0.5010, 0.1240, 0.1280, 0.1110
104, 0.4870, 0.1230, 0.1300, 0.1130
104, 0.5120, 0.1230, 0.1310, 0.1120
104, 0.5020, 0.1250, 0.1310, 0.1140
104, 0.5000, 0.1230, 0.1300, 0.1110
104, 0.5150, 0.1240, 0.1280, 0.1100
104, 0.4960, 0.1260, 0.1260, 0.1140
104, 0.4980, 0.1250, 0.1310, 0.1140
104, 0.5020, 0.1240, 0.1300, 0.1130
105, 0.4960, 0.1230, 0.1290, 0.1110
105, 0.4920, 0.1240, 0.1310, 0.1130
105, 0.5120, 0.1230, 0.1290, 0.1100
105, 0.5150, 0.1230, 0.1290, 0.1100
105, 0.5100, 0.1220, 0.1280, 0.1110
105, 0.5100, 0.1230, 0.1290, 0.1110
105, 0.5120, 0.1240, 0.1300, 0.1100
105, 0.5110, 0.1250, 0.1310, 0.1120
105, 0.5120, 0.1250, 0.1260, 0.1120
106, 0.5110, 0.1240, 0.1290, 0.1130
106, 0.4990, 0.1270, 0.1280, 0.1140
106, 0.5120, 0.1250, 0.1300, 0.1120
106, 0.4990, 0.1230, 0.1310, 0.1130
106, 0.5050, 0.1270, 0.1300, 0.1110
106, 0.5080, 0.1250, 0.1280, 0.1150
106, 0.5090, 0.1230, 0.1300, 0.1130
106, 0.5040, 0.1230, 0.1290, 0.1160
107, 0.4970, 0.1250, 0.1280, 0.1140
107, 0.5070, 0.1250, 0.1330, 0.1150
107, 0.5100, 0.1240, 0.1280, 0.1140
107, 0.4980, 0.1240, 0.1320, 0.1150
107, 0.5250, 0.1240, 0.1300, 0.1120
107, 0.4930, 0.1260, 0.1280, 0.1130
107, 0.5030, 0.1220, 0.1320, 0.1110
107, 0.5160, 0.1250, 0.1290, 0.1110
107, 0.4970, 0.1240, 0.1300, 0.1130
108, 0.5080, 0.1250, 0.1310, 0.1120
108, 0.5100, 0.1250, 0.1310, 0.1110
108, 0.5100, 0.1240, 0.1290, 0.1120
108, 0.5150, 0.1250, 0.1300, 0.1110
108, 0.5080, 0.1230, 0.1290, 0.1110
108, 0.5060, 0.1230, 0.1310, 0.1110
108, 0.5050, 0.1230, 0.1290, 0.1120
108, 0.5090, 0.1240, 0.1280, 0.1100
108, 0.5080, 0.1230, 0.1310, 0.1110
109, 0.4970, 0.1240, 0.1280, 0.1110
109, 0.4910, 0.1230, 0.1280, 0.1090
109, 0.4930, 0.1230, 0.1270, 0.1120
109, 0.5040, 0.1240, 0.1300, 0.1110
109, 0.5050, 0.1260, 0.1290, 0.1100
109, 0.4930, 0.1240, 0.1290, 0.1110
109, 0.5070, 0.1250, 0.1310, 0.1090
109, 0.5080, 0.1240, 0.1310, 0.1130
109, 0.5020, 0.1250, 0.1300, 0.1080
110, 0.5020, 0.1240, 0.1290, 0.1120
110, 0.4930, 0.1250, 0.1290, 0.1110
110, 0.4940, 0.1240, 0.1270, 0.1070
110, 0.5170, 0.1240, 0.1290, 0.1100
110, 0.5200, 0.1240, 0.1290, 0.1090
110, 0.5010, 0.1240, 0.1310, 0.1110
110, 0.5040, 0.1220, 0.1300, 0.1110
110, 0.5020, 0.1240, 0.1280, 0.1100
111, 0.5090, 0.1230, 0.1300, 0.1100
111, 0.5040, 0.1220, 0.1290, 0.1110
111, 0.5090, 0.1240, 0.1290, 0.1090
111, 0.5160, 0.1230, 0.1290, 0.1110
111, 0.5020, 0.1260, 0.1280, 0.1130
111, 0.4910, 0.1250, 0.1290, 0.1130
111, 0.5260, 0.1260, 0.1300, 0.1130
111, 0.5050, 0.1240, 0.1320, 0.1100
111, 0.4990, 0.1240, 0.1290, 0.1120
112, 0.5030, 0.1240, 0.1300, 0.1090
112, 0.5010, 0.1240, 0.1290, 0.1090
112, 0.5070, 0.1280, 0.1290, 0.1100
112, 0.5000, 0.1240, 0.1290, 0.1110
112, 0.4800, 0.1240, 0.1300, 0.1100
112, 0.4970, 0.1250, 0.1300, 0.1130
112, 0.4810, 0.1220, 0.1280, 0.1120
112, 0.4960, 0.1240, 0.1300, 0.1120
112, 0.5100, 0.1250, 0.1310, 0.1120
113, 0.4960, 0.1220, 0.1300, 0.1120
113, 0.5070, 0.1240, 0.1310, 0.1110
113, 0.5120, 0.1250, 0.1310, 0.1120
113, 0.4940, 0.1260, 0.1300, 0.1120
113, 0.5100, 0.1260, 0.1280, 0.1100
113, 0.4990, 0.1240, 0.1310, 0.1120
113, 0.5170, 0.1250, 0.1270, 0.1120
113, 0.5080, 0.1230, 0.1300, 0.1090
114, 0.5100, 0.1250, 0.1300, 0.1130
114, 0.4970, 0.1230, 0.1300, 0.1080
114, 0.5260, 0.1250, 0.1310, 0.1110
114, 0.5000, 0.1250, 0.1270, 0.1080
114, 0.4960, 0.1250, 0.1310, 0.1110
114, 0.4960, 0.1240, 0.1300, 0.1100
114, 0.5080, 0.1250, 0.1300, 0.1110
114, 0.5170, 0.1230, 0.1310, 0.1100
114, 0.5030, 0.1250, 0.1290, 0.1080
115, 0.5220, 0.1240, 0.1300, 0.1130
115, 0.5080, 0.1230, 0.1310, 0.1110
115, 0.5110, 0.1260, 0.1310, 0.1120
115, 0.5050, 0.1250, 0.1300, 0.1120
115, 0.5060, 0.1260, 0.1280, 0.1100
115, 0.5100, 0.1260, 0.1300, 0.1120
115, 0.5050, 0.1250, 0.1300, 0.1100
115, 0.4960, 0.1240, 0.1310, 0.1120
115, 0.4900, 0.1230, 0.1300, 0.1130
116, 0.5030, 0.1250, 0.1290, 0.1120
116, 0.5040, 0.1260, 0.1290, 0.1100
116, 0.4960, 0.1250, 0.1300, 0.1110
116, 0.5130, 0.1220, 0.1310, 0.1110
116, 0.5120, 0.1250, 0.1300, 0.1110
116, 0.5020, 0.1280, 0.1310, 0.1100
116, 0.5080, 0.1230, 0.1290, 0.1120
116, 0.5110, 0.1230, 0.1280, 0.1100
117, 0.5130, 0.1240, 0.1300, 0.1110
117, 0.5010, 0.1250, 0.1300, 0.1120
117, 0.5150, 0.1220, 0.1300, 0.1120
117, 0.5070, 0.1220, 0.1300, 0.1130
117, 0.5130, 0.1250, 0.1300, 0.1130
117, 0.4870, 0.1260, 0.1290, 0.1110
117, 0.4940, 0.1230, 0.1290, 0.1130
117, 0.5090, 0.1250, 0.1280, 0.1140
117, 0.4950, 0.1210, 0.1290, 0.1110
118, 0.4990, 0.1230, 0.1300, 0.1120
118, 0.5160, 0.1200, 0.1310, 0.1140
118, 0.5030, 0.1270, 0.1300, 0.1140
118, 0.5190, 0.1250, 0.1300, 0.1160
118, 0.5130, 0.1260, 0.1290, 0.1170
118, 0.5300, 0.1240, 0.1300, 0.1190
118, 0.5130, 0.1260, 0.1280, 0.1170
118, 0.4960, 0.1260, 0.1280, 0.1170
118, 0.5070, 0.1250, 0.1310, 0.1160
119, 0.5050, 0.1250, 0.1300, 0.1180
119, 0.5060, 0.1230, 0.1310, 0.1180
119, 0.5120, 0.1240, 0.1300, 0.1180
119, 0.5020, 0.1250, 0.1310, 0.1180
119, 0.5040, 0.1250, 0.1290, 0.1160
119, 0.5120, 0.1260, 0.1320, 0.1200
119, 0.5080, 0.1240, 0.1310, 0.1180
119, 0.5190, 0.1240, 0.1330, 0.1180
119, 0.5180, 0.1220, 0.1320, 0.1160
120, 0.5080, 0.1260, 0.1320, 0.1180
120, 0.5010, 0.1250, 0.1290, 0.1190
120, 0.4840, 0.1240, 0.1300, 0.1180
120, 0.5230, 0.1240, 0.1330, 0.1190
120, 0.5170, 0.1230, 0.1300, 0.1200
120, 0.5220, 0.1240, 0.1310, 0.1180
120, 0.4950, 0.1240, 0.1310, 0.1180
120, 0.5010, 0.1240, 0.1310, 0.1180
121, 0.4970, 0.1230, 0.1280, 0.1200
121, 0.4990, 0.1250, 0.1310, 0.1190
121, 0.5030, 0.1270, 0.1300, 0.1180
121, 0.5110, 0.1240, 0.1320, 0.1210
121, 0.5040, 0.1250, 0.1310, 0.1200
121, 0.5100, 0.1230, 0.1290, 0.1180
121, 0.5030, 0.1240, 0.1260, 0.1190
121, 0.5220, 0.1230, 0.1270, 0.1210
121, 0.5120, 0.1250, 0.1300, 0.1210
122, 0.4910, 0.1220, 0.1310, 0.1230
122, 0.5070, 0.1220, 0.1290, 0.1220
122, 0.4200, 0.1200, 0.1260, 0.1200
122, 0.3990, 0.1190, 0.1230, 0.1200
122, 0.3770, 0.1210, 0.1290, 0.1170
122, 0.3890, 0.1200, 0.1260, 0.1190
122, 0.3890, 0.1240, 0.1290, 0.1210
122, 0.4480, 0.1210, 0.1290, 0.1220
122, 0.4520, 0.1220, 0.1280, 0.1190
123, 0.4520, 0.1210, 0.1240, 0.1180
123, 0.4490, 0.1230, 0.1280, 0.1210
123, 0.4560, 0.1220, 0.1270, 0.1200
123, 0.4310, 0.1230, 0.1290, 0.1200
123, 0.4370, 0.1220, 0.1260, 0.1210
123, 0.4400, 0.1200, 0.1270, 0.1200
123, 0.4470, 0.1200, 0.1280, 0.1200
123, 0.4360, 0.1200, 0.1280, 0.1230
123, 0.4440, 0.1220, 0.1280, 0.1210
124, 0.4410, 0.1210, 0.1290, 0.1220
124, 0.4530, 0.1200, 0.1270, 0.1220
124, 0.4340, 0.1230, 0.1290, 0.1210
124, 0.4350, 0.1210, 0.1270, 0.1220
124, 0.4370, 0.1220, 0.1280, 0.1220
124, 0.4470, 0.1210, 0.1280, 0.1210
124, 0.4430, 0.1220, 0.1280, 0.1200
124, 0.4370, 0.1210, 0.1310, 0.1230
125, 0.4370, 0.1230, 0.1300, 0.1210
125, 0.4430, 0.1220, 0.1310, 0.1220
125, 0.4480, 0.1210, 0.1260, 0.1210
125, 0.4460, 0.1210, 0.1270, 0.1200
125, 0.4380, 0.1230, 0.1290, 0.1200
125, 0.4590, 0.1220, 0.1290, 0.1190
125, 0.4450, 0.1200, 0.1260, 0.1200
125, 0.4450, 0.1210, 0.1280, 0.1210
125, 0.4550, 0.1200, 0.1280, 0.1210
126, 0.4370, 0.1200, 0.1290, 0.1220
126, 0.4540, 0.1220, 0.1300, 0.1210
126, 0.4620, 0.1230, 0.1280, 0.1220
126, 0.4440, 0.1220, 0.1280, 0.1210
126, 0.4480, 0.1220, 0.1280, 0.1210
126, 0.4390, 0.1210, 0.1260, 0.1220
126, 0.4610, 0.1210, 0.1260, 0.1210
126, 0.4330, 0.1230, 0.1290, 0.1220
126, 0.4620, 0.1200, 0.1270, 0.1210
127, 0.4420, 0.1200, 0.1270, 0.1230
127, 0.4370, 0.1190, 0.1290, 0.1240
127, 0.4460, 0.1210, 0.1280, 0.1240
127, 0.4540, 0.1220, 0.1260, 0.1230
127, 0.4570, 0.1210, 0.1280, 0.1220
127, 0.4510, 0.1200, 0.1270, 0.1240
127, 0.4520, 0.1210, 0.1290, 0.1210
127, 0.4560, 0.1210, 0.1290, 0.1210
127, 0.4520, 0.1200, 0.1270, 0.1240
128, 0.4580, 0.1220, 0.1290, 0.1240
128, 0.4510, 0.1210, 0.1260, 0.1220
128, 0.4480, 0.1220, 0.1290, 0.1220
128, 0.4410, 0.1240, 0.1280, 0.1230
128, 0.4430, 0.1190, 0.1260, 0.1220
128, 0.4440, 0.1210, 0.1270, 0.1240
128, 0.4410, 0.1220, 0.1260, 0.1240
128, 0.4430, 0.1230, 0.1270, 0.1260
129, 0.4460, 0.1200, 0.1290, 0.1220
129, 0.4570, 0.1220, 0.1270, 0.1220
129, 0.4500, 0.1230, 0.1280, 0.1200
129, 0.4330, 0.1220, 0.1300, 0.1220
129, 0.4780, 0.1240, 0.1280, 0.1230
129, 0.4550, 0.1240, 0.1280, 0.1230
129, 0.4600, 0.1230, 0.1280, 0.1230
129, 0.4600, 0.1210, 0.1260, 0.1220
129, 0.4350, 0.1180, 0.1260, 0.1230
130, 0.4480, 0.1210, 0.1300, 0.1240
130, 0.4570, 0.1220, 0.1290, 0.1220
130, 0.4520, 0.1210, 0.1290, 0.1230
130, 0.4520, 0.1220, 0.1280, 0.1210
130, 0.4360, 0.1230, 0.1260, 0.1240
130, 0.4390, 0.1240, 0.1260, 0.1230
130, 0.4510, 0.1220, 0.1280, 0.1230
130, 0.4610, 0.1220, 0.1280, 0.1230
130, 0.4490, 0.1210, 0.1280, 0.1230
131, 0.4490, 0.1220, 0.1300, 0.1230
131, 0.4490, 0.1210, 0.1260, 0.1210
131, 0.4560, 0.1230, 0.1270, 0.1210
131, 0.4500, 0.1210, 0.1300, 0.1230
131, 0.4450, 0.1190, 0.1250, 0.1250
131, 0.4380, 0.1210, 0.1250, 0.1220
131, 0.4420, 0.1220, 0.1270, 0.1220
131, 0.4500, 0.1230, 0.1290, 0.1230
131, 0.4510, 0.1240, 0.1290, 0.1210
132, 0.4440, 0.1200, 0.1260, 0.1220
132, 0.4430, 0.1190, 0.1270, 0.1230
132, 0.4690, 0.1200, 0.1270, 0.1250
132, 0.4580, 0.1200, 0.1270, 0.1250
132, 0.4500, 0.1210, 0.1290, 0.1250
132, 0.4540, 0.1210, 0.1250, 0.1220
132, 0.4550, 0.1210, 0.1280, 0.1250
132, 0.4550, 0.1200, 0.1260, 0.1250
133, 0.4420, 0.1220, 0.1290, 0.1240
133, 0.4490, 0.1200, 0.1280, 0.1230
133, 0.4450, 0.1180, 0.1260, 0.1230
133, 0.4490, 0.1220, 0.1300, 0.1230
133, 0.4550, 0.1190, 0.1270, 0.1240
133, 0.4470, 0.1190, 0.1290, 0.1230
133, 0.4440, 0.1220, 0.1280, 0.1260
133, 0.4530, 0.1210, 0.1270, 0.1240
133, 0.4410, 0.1200, 0.1260, 0.1250
134, 0.4610, 0.1210, 0.1280, 0.1220
134, 0.4490, 0.1220, 0.1270, 0.1250
134, 0.4450, 0.1220, 0.1260, 0.1250
134, 0.4330, 0.1230, 0.1290, 0.1250
134, 0.4570, 0.1220, 0.1290, 0.1240
134, 0.4510, 0.1210, 0.1300, 0.1270
134, 0.4510, 0.1220, 0.1270, 0.1260
134, 0.4450, 0.1210, 0.1290, 0.1260
134, 0.4500, 0.1210, 0.1260, 0.1250
135, 0.4500, 0.1200, 0.1290, 0.1260
135, 0.4530, 0.1220, 0.1270, 0.1250
135, 0.4350, 0.1200, 0.1290, 0.1250
135, 0.4440, 0.1210, 0.1290, 0.1250
135, 0.4490, 0.1210, 0.1280, 0.1250
135, 0.4470, 0.1210, 0.1290, 0.1260
135, 0.4440, 0.1210, 0.1280, 0.1240
135, 0.4470, 0.1220, 0.1270, 0.1260
136, 0.4500, 0.1240, 0.1270, 0.1240
136, 0.4540, 0.1210, 0.1270, 0.1250
136, 0.4500, 0.1220, 0.1300, 0.1240
136, 0.4530, 0.1180, 0.1290, 0.1230
136, 0.4490, 0.1220, 0.1290, 0.1250
136, 0.4450, 0.1220, 0.1280, 0.1220
136, 0.4420, 0.1240, 0.1290, 0.1260
136, 0.4400, 0.1210, 0.1290, 0.1260
136, 0.4490, 0.1210, 0.1280, 0.1250
137, 0.4470, 0.1210, 0.1280, 0.1250
137, 0.4420, 0.1210, 0.1270, 0.1250
137, 0.4400, 0.1210, 0.1280, 0.1260
137, 0.4600, 0.1210, 0.1280, 0.1260
137, 0.4440, 0.1210, 0.1280, 0.1260
137, 0.4590, 0.1230, 0.1290, 0.1260
137, 0.4380, 0.1210, 0.1250, 0.1260
137, 0.4440, 0.1220, 0.1270, 0.1290
137, 0.4460, 0.1210, 0.1290, 0.1240
138, 0.4420, 0.1230, 0.1280, 0.1280
138, 0.4440, 0.1200, 0.1280, 0.1250
138, 0.4450, 0.1210, 0.1290, 0.1250
138, 0.4390, 0.1210, 0.1270, 0.1270
138, 0.4500, 0.1210, 0.1290, 0.1250
138, 0.4540, 0.1200, 0.1290, 0.1240
138, 0.4470, 0.1200, 0.1260, 0.1240
138, 0.4480, 0.1210, 0.1290, 0.1250
138, 0.4490, 0.1190, 0.1290, 0.1250
139, 0.4460, 0.1210, 0.1260, 0.1250
139, 0.4380, 0.1230, 0.1260, 0.1260
139, 0.4510, 0.1230, 0.1300, 0.1270
139, 0.4420, 0.1220, 0.1280, 0.1240
139, 0.4350, 0.1220, 0.1320, 0.1270
139, 0.4500, 0.1230, 0.1290, 0.1250
139, 0.4460, 0.1210, 0.1270, 0.1230
139, 0.4470, 0.1180, 0.1250, 0.1250
140, 0.4510, 0.1230, 0.1250, 0.1250
140, 0.4490, 0.1240, 0.1280, 0.1250
140, 0.4620, 0.1180, 0.1290, 0.1250
140, 0.4620, 0.1210, 0.1260, 0.1240
140, 0.4500, 0.1220, 0.1300, 0.1250
140, 0.4500, 0.1220, 0.1280, 0.1250
140, 0.4550, 0.1210, 0.1290, 0.1250
140, 0.4460, 0.1220, 0.1280, 0.1270
140, 0.4500, 0.1200, 0.1280, 0.1260
141, 0.4440, 0.1210, 0.1290, 0.1250
141, 0.4500, 0.1210, 0.1270, 0.1250
141, 0.4480, 0.1210, 0.1280, 0.1270
141, 0.4440, 0.1200, 0.1290, 0.1250
141, 0.4580, 0.1220, 0.1270, 0.1260
141, 0.4440, 0.1200, 0.1300, 0.1250
141, 0.4580, 0.1210, 0.1280, 0.1250
141, 0.4360, 0.1200, 0.1300, 0.1260
141, 0.4450, 0.1190, 0.1280, 0.1270
142, 0.4550, 0.1220, 0.1300, 0.1260
142, 0.4380, 0.1210, 0.1290, 0.1270
142, 0.4410, 0.1210, 0.1270, 0.1250
142, 0.4590, 0.1220, 0.1270, 0.1250
142, 0.4360, 0.1190, 0.1260, 0.1280
142, 0.4530, 0.1220, 0.1270, 0.1260
142, 0.4290, 0.1200, 0.1280, 0.1270
142, 0.4520, 0.1200, 0.1290, 0.1250
142, 0.4390, 0.1210, 0.1260, 0.1240
143, 0.4500, 0.1220, 0.1270, 0.1260
143, 0.4540, 0.1200, 0.1280, 0.1280
143, 0.4730, 0.1210, 0.1260, 0.1230
143, 0.4510, 0.1220, 0.1260, 0.1250
143, 0.4470, 0.1200, 0.1240, 0.1270
143, 0.4400, 0.1200, 0.1290, 0.1250
143, 0.4460, 0.1200, 0.1270, 0.1250
143, 0.4590, 0.1200, 0.1290, 0.1280
144, 0.4430, 0.1230, 0.1310, 0.1260
144, 0.4470, 0.1220, 0.1280, 0.1230
144, 0.4310, 0.1230, 0.1280, 0.1250
144, 0.4580, 0.1200, 0.1270, 0.1260
144, 0.4360, 0.1230, 0.1290, 0.1250
144, 0.4500, 0.1200, 0.1280, 0.1260
144, 0.4510, 0.1200, 0.1260, 0.1240
144, 0.4390, 0.1230, 0.1280, 0.1250
144, 0.4600, 0.1220, 0.1270, 0.1260
145, 0.4390, 0.1220, 0.1260, 0.1260
145, 0.4320, 0.1210, 0.1270, 0.1250
145, 0.4430, 0.1220, 0.1280, 0.1270
145, 0.4450, 0.1220, 0.1280, 0.1250
145, 0.4480, 0.1200, 0.1270, 0.1230
145, 0.4390, 0.1230, 0.1310, 0.1290
145, 0.4460, 0.1210, 0.1270, 0.1270
145, 0.4410, 0.1220, 0.1270, 0.1260
145, 0.4340, 0.1210, 0.1310, 0.1270
146, 0.4400, 0.1210, 0.1280, 0.1240
146, 0.4450, 0.1200, 0.1290, 0.1260
146, 0.4500, 0.1210, 0.1300, 0.1240
146, 0.4600, 0.1210, 0.1310, 0.1280
146, 0.4560, 0.1220, 0.1290, 0.1250
146, 0.4400, 0.1210, 0.1270, 0.1250
146, 0.4560, 0.1200, 0.1280, 0.1240
146, 0.4510, 0.1220, 0.1290, 0.1260
147, 0.4440, 0.1210, 0.1260, 0.1280
147, 0.4620, 0.1220, 0.1300, 0.1250
147, 0.4460, 0.1210, 0.1260, 0.1250
147, 0.4400, 0.1210, 0.1260, 0.1270
147, 0.4420, 0.1220, 0.1270, 0.1250
147, 0.4480, 0.1220, 0.1270, 0.1240
147, 0.4690, 0.1220, 0.1280, 0.1270
147, 0.4540, 0.1200, 0.1270, 0.1240
147, 0.4550, 0.1210, 0.1290, 0.1240
148, 0.4540, 0.1220, 0.1260, 0.1270
148, 0.4540, 0.1230, 0.1270, 0.1250
148, 0.4510, 0.1200, 0.1290, 0.1270
148, 0.4640, 0.1170, 0.1260, 0.1260
148, 0.4410, 0.1210, 0.1290, 0.1270
148, 0.4500, 0.1210, 0.1270, 0.1270
148, 0.4480, 0.1220, 0.1300, 0.1250
148, 0.4500, 0.1210, 0.1280, 0.1250
148, 0.4420, 0.1230, 0.1270, 0.1270
149, 0.4520, 0.1190, 0.1300, 0.1270
149, 0.4470, 0.1210, 0.1290, 0.1280
149, 0.4520, 0.1210, 0.1300, 0.1240
149, 0.4570, 0.1200, 0.1290, 0.1260
149, 0.4580, 0.1220, 0.1290, 0.1260
149, 0.4580, 0.1220, 0.1270, 0.1270
149, 0.4520, 0.1200, 0.1270, 0.1260
149, 0.4570, 0.1220, 0.1270, 0.1260
149, 0.4530, 0.1210, 0.1290, 0.1280
150, 0.4420, 0.1200, 0.1260, 0.1270
150, 0.4450, 0.1210, 0.1280, 0.1250
150, 0.4570, 0.1210, 0.1280, 0.1260
150, 0.4470, 0.1220, 0.1290, 0.1260
150, 0.4410, 0.1190, 0.1280, 0.1220
150, 0.4580, 0.1230, 0.1280, 0.1280
150, 0.4340, 0.1230, 0.1290, 0.1250
150, 0.4480, 0.1220, 0.1270, 0.1270
151, 0.4380, 0.1220, 0.1280, 0.1250
151, 0.4580, 0.1190, 0.1250, 0.1260
151, 0.4440, 0.1230, 0.1260, 0.1250
151, 0.4460, 0.1190, 0.1260, 0.1240
151, 0.4480, 0.1220, 0.1290, 0.1250
151, 0.4470, 0.1240, 0.1300, 0.1250
151, 0.4440, 0.1210, 0.1290, 0.1230
151, 0.4590, 0.1210, 0.1290, 0.1280
151, 0.4500, 0.1240, 0.1280, 0.1250
152, 0.4600, 0.1210, 0.1290, 0.1250
152, 0.4550, 0.1210, 0.1270, 0.1270
152, 0.4500, 0.1230, 0.1280, 0.1250
152, 0.4490, 0.1230, 0.1290, 0.1260
152, 0.4510, 0.1220, 0.1280, 0.1260
152, 0.4530, 0.1220, 0.1270, 0.1280
152, 0.4430, 0.1220, 0.1260, 0.1260
152, 0.4480, 0.1200, 0.1260, 0.1270
152, 0.4540, 0.1210, 0.1290, 0.1270
153, 0.4440, 0.1210, 0.1270, 0.1270
153, 0.4720, 0.1230, 0.1260, 0.1250
153, 0.4580, 0.1230, 0.1280, 0.1260
153, 0.4530, 0.1240, 0.1290, 0.1270
153, 0.4400, 0.1240, 0.1290, 0.1240
153, 0.4400, 0.1200, 0.1270, 0.1260
153, 0.4400, 0.1220, 0.1270, 0.1270
153, 0.4500, 0.1210, 0.1270, 0.1250
154, 0.4490, 0.1230, 0.1280, 0.1260
154, 0.4290, 0.1210, 0.1280, 0.1260
154, 0.4450, 0.1230, 0.1290, 0.1260
154, 0.4550, 0.1220, 0.1270, 0.1250
154, 0.4490, 0.1210, 0.1270, 0.1250
154, 0.4630, 0.1170, 0.1280, 0.1270
154, 0.4380, 0.1210, 0.1290, 0.1260
154, 0.4600, 0.1210, 0.1270, 0.1270
154, 0.4510, 0.1180, 0.1280, 0.1250
155, 0.4470, 0.1210, 0.1290, 0.1240
155, 0.4550, 0.1210, 0.1280, 0.1240
155, 0.4630, 0.1210, 0.1260, 0.1260
155, 0.4540, 0.1230, 0.1290, 0.1250
155, 0.4420, 0.1220, 0.1300, 0.1270
155, 0.4540, 0.1220, 0.1290, 0.1240
155, 0.4460, 0.1220, 0.1270, 0.1260
155, 0.4400, 0.1220, 0.1280, 0.1260
155, 0.4380, 0.1220, 0.1280, 0.1260
156, 0.4420, 0.1200, 0.1270, 0.1250
156, 0.4460, 0.1230, 0.1270, 0.1270
156, 0.4650, 0.1210, 0.1310, 0.1270
156, 0.4470, 0.1220, 0.1290, 0.1250
156, 0.4610, 0.1220, 0.1260, 0.1260
156, 0.4540, 0.1220, 0.1280, 0.1270
156, 0.4660, 0.1210, 0.1270, 0.1250
156, 0.4420, 0.1200, 0.1250, 0.1250
156, 0.4540, 0.1220, 0.1280, 0.1280
157, 0.4510, 0.1200, 0.1270, 0.1260
157, 0.4450, 0.1230, 0.1280, 0.1260
157, 0.4500, 0.1210, 0.1270, 0.1250
157, 0.4430, 0.1220, 0.1290, 0.1260
157, 0.4450, 0.1220, 0.1290, 0.1240
157, 0.4390, 0.1240, 0.1270, 0.1250
157, 0.4430, 0.1230, 0.1290, 0.1260
157, 0.4450, 0.1210, 0.1290, 0.1260
158, 0.4600, 0.1220, 0.1270, 0.1280
158, 0.4520, 0.1210, 0.1280, 0.1260
158, 0.4460, 0.1220, 0.1290, 0.1250
158, 0.4380, 0.1210, 0.1290, 0.1250
158, 0.4400, 0.1220, 0.1280, 0.1240
158, 0.4540, 0.1200, 0.1280, 0.1260
158, 0.4490, 0.1220, 0.1290, 0.1270
158, 0.4500, 0.1230, 0.1280, 0.1260
158, 0.4540, 0.1220, 0.1290, 0.1250
159, 0.4530, 0.1220, 0.1290, 0.1250
159, 0.4520, 0.1200, 0.1300, 0.1250
159, 0.4550, 0.1230, 0.1270, 0.1270
159, 0.4570, 0.1220, 0.1270, 0.1260
159, 0.4410, 0.1220, 0.1290, 0.1260
159, 0.4460, 0.1200, 0.1260, 0.1250
159, 0.4450, 0.1200, 0.1280, 0.1260
159, 0.4540, 0.1220, 0.1290, 0.1260
159, 0.4490, 0.1210, 0.1280, 0.1250
160, 0.4480, 0.1200, 0.1290, 0.1270
160, 0.4540, 0.1220, 0.1260, 0.1250
160, 0.4490, 0.1210, 0.1290, 0.1260
160, 0.4500, 0.1220, 0.1280, 0.1250
160, 0.4570, 0.1240, 0.1280, 0.1250
160, 0.4370, 0.1230, 0.1270, 0.1260
160, 0.4350, 0.1230, 0.1290, 0.1270
160, 0.4460, 0.1220, 0.1290, 0.1260
161, 0.4450, 0.1200, 0.1290, 0.1250
161, 0.4550, 0.1220, 0.1300, 0.1260
161, 0.4540, 0.1230, 0.1270, 0.1260
161, 0.4520, 0.1190, 0.1270, 0.1250
161, 0.4490, 0.1210, 0.1300, 0.1270
161, 0.4380, 0.1210, 0.1280, 0.1250
161, 0.4440, 0.1200, 0.1290, 0.1270
161, 0.4510, 0.1210, 0.1280, 0.1280
161, 0.4390, 0.1200, 0.1290, 0.1260
162, 0.4470, 0.1210, 0.1290, 0.1250
162, 0.4550, 0.1220, 0.1270, 0.1250
162, 0.4540, 0.1220, 0.1290, 0.1250
162, 0.4450, 0.1230, 0.1270, 0.1260
162, 0.4540, 0.1220, 0.1290, 0.1250
162, 0.4490, 0.1210, 0.1270, 0.1250
162, 0.4540, 0.1180, 0.1270, 0.1250
162, 0.4490, 0.1190, 0.1260, 0.1270
162, 0.4540, 0.1220, 0.1290, 0.1240
163, 0.4400, 0.1200, 0.1300, 0.1250
163, 0.4640, 0.1210, 0.1270, 0.1260
163, 0.4430, 0.1220, 0.1280, 0.1240
163, 0.4600, 0.1200, 0.1270, 0.1250
163, 0.4440, 0.1220, 0.1290, 0.1250
163, 0.4450, 0.1200, 0.1290, 0.1250
163, 0.4530, 0.1200, 0.1290, 0.1260
163, 0.4560, 0.1220, 0.1280, 0.1230
163, 0.4470, 0.1210, 0.1280, 0.1250
164, 0.4420, 0.1210, 0.1270, 0.1270
164, 0.4540, 0.1220, 0.1270, 0.1250
164, 0.4450, 0.1210, 0.1270, 0.1260
164, 0.4340, 0.1200, 0.1290, 0.1220
164, 0.4480, 0.1210, 0.1270, 0.1250
164, 0.4590, 0.1200, 0.1260, 0.1240
164, 0.4450, 0.1240, 0.1300, 0.1250
164, 0.4600, 0.1200, 0.1290, 0.1260
165, 0.4460, 0.1210, 0.1300, 0.1270
165, 0.4490, 0.1210, 0.1270, 0.1270
165, 0.4410, 0.1210, 0.1270, 0.1260
165, 0.4430, 0.1220, 0.1280, 0.1260
165, 0.4560, 0.1210, 0.1270, 0.1250
165, 0.4570, 0.1220, 0.1280, 0.1280
165, 0.4570, 0.1210, 0.1280, 0.1270
165, 0.4500, 0.1220, 0.1290, 0.1250
165, 0.4580, 0.1210, 0.1280, 0.1250
166, 0.4540, 0.1230, 0.1270, 0.1240
166, 0.4470, 0.1210, 0.1280, 0.1240
166, 0.4670, 0.1190, 0.1290, 0.1250
166, 0.4460, 0.1200, 0.1280, 0.1260
166, 0.4400, 0.1210, 0.1300, 0.1240
166, 0.4430, 0.1210, 0.1280, 0.1250
166, 0.4400, 0.1210, 0.1290, 0.1240
166, 0.4570, 0.1180, 0.1290, 0.1240
166, 0.4370, 0.1230, 0.1290, 0.1250
167, 0.4610, 0.1210, 0.1270, 0.1270
167, 0.4620, 0.1230, 0.1280, 0.1270
167, 0.4640, 0.1210, 0.1280, 0.1260
